{
  "rms": 3.4873261538726568,
  "image_size": [
    699,
    892
  ],
  "K": [
    [
      4824.16822238507,
      0.0,
      378.87386560913683
    ],
    [
      0.0,
      2693.236888153827,
      360.4933857258735
    ],
    [
      0.0,
      0.0,
      1.0
    ]
  ],
  "dist": [
    -8.255234146497038,
    625.0047462214114,
    1.4870897476653022,
    0.04970512177905664,
    35681.69828352195
  ],
  "rvecs": [
    [
      -0.6328316423730934,
      -0.33336365579759303,
      1.8670514999548251
    ],
    [
      -0.8499624182185554,
      -0.40711704827626183,
      -1.9055112248208108
    ],
    [
      0.20468176138451075,
      -0.2842815642645396,
      -1.0432059860994918
    ],
    [
      -0.5878307534411752,
      -0.22862504163705416,
      1.3469178913482558
    ],
    [
      0.26795417025070983,
      -0.33639815134873524,
      1.3190366436484438
    ],
    [
      -0.38841163243048893,
      -0.6967335005147681,
      0.8297995022515495
    ],
    [
      -1.1554267948267456,
      0.07619963574337907,
      2.089885351187684
    ],
    [
      -0.6593366719235034,
      -0.24563259264205853,
      1.9539055464387904
    ],
    [
      -0.5314245607401369,
      -0.4785093044160873,
      1.5376404509603296
    ],
    [
      -0.6708558301151586,
      -0.5952556727682746,
      1.520571613602012
    ],
    [
      0.37811572265618854,
      0.6601309642897115,
      0.9877917872382117
    ],
    [
      -0.26731531305385425,
      -0.5405953830400468,
      1.0186454471029056
    ],
    [
      -0.4576462766126473,
      0.08971251979032446,
      1.9275823256267262
    ],
    [
      -0.8149075015674642,
      -0.3801632958449113,
      1.9065534381176157
    ],
    [
      -0.11422758084080313,
      -0.5527679295921968,
      0.950064121913418
    ],
    [
      -1.0029554313614457,
      -0.5790938245718359,
      -1.9008789040534901
    ]
  ],
  "tvecs": [
    [
      59.892416210192515,
      169.45223586020467,
      5443.461366048836
    ],
    [
      -49.677655080346064,
      6.501205731269067,
      6012.0062924245785
    ],
    [
      -72.44565883760876,
      326.0572488903542,
      5644.079443988436
    ],
    [
      16.61606114388807,
      190.0767522041093,
      12218.871802781483
    ],
    [
      -43.60248730531901,
      -32.25288701867283,
      16621.10890598081
    ],
    [
      -131.40163166748977,
      -129.84646757664046,
      8638.663100438433
    ],
    [
      -121.99898909845179,
      56.8774405450568,
      9243.38479673162
    ],
    [
      83.11999885099137,
      234.07875055420666,
      6071.907119844834
    ],
    [
      62.574989021360516,
      135.54280973343907,
      5131.111647481852
    ],
    [
      26.98544318845315,
      22.564675677495146,
      3438.6182879158855
    ],
    [
      -49.78232015842023,
      -74.43940125089563,
      4959.095370633419
    ],
    [
      -89.21605648901107,
      2.0044358401140023,
      10426.618243731693
    ],
    [
      56.857136676790745,
      379.94779031278915,
      11737.002484126064
    ],
    [
      54.610888867552795,
      49.73513884525565,
      5138.387344910815
    ],
    [
      -68.37583740928378,
      141.75456578209264,
      9708.331319378953
    ],
    [
      141.46921947700525,
      451.76515181929767,
      4913.215329505269
    ]
  ],
  "per_image_reproj_rmse": [
    0.5564766035071554,
    3.301353370869496,
    0.35177502044051623,
    5.074970726487826,
    4.094822268749864,
    4.622551099280603,
    4.6939656069544125,
    0.3370758970239615,
    0.6676809325944305,
    0.9744617449815483,
    2.075761260643517,
    5.323822982722719,
    5.785363831800106,
    0.5264600972279049,
    5.370862685950603,
    0.7562431450292996
  ],
  "pattern_size": [
    9,
    6
  ],
  "square_size": 25.0,
  "flags": 0
}