{
  "K": [
    [
      1105.4362982982263,
      0.0,
      600.7990428416036
    ],
    [
      0.0,
      1110.223498367396,
      833.0168174894384
    ],
    [
      0.0,
      0.0,
      1.0
    ]
  ],
  "dist": [
    0.15041483162618982,
    -0.0956520518435303,
    0.007247637414541215,
    -0.0031242100897737753,
    -0.873704275773149
  ]
}